<?xml version="1.0" encoding="UTF-8"?>
<ApexComponent xmlns="http://soap.sforce.com/2006/04/metadata">
    <apiVersion>28.0</apiVersion>
    <label>pdf_attachment_viewer</label>
    <packageVersions>
        <majorNumber>2</majorNumber>
        <minorNumber>24</minorNumber>
        <namespace>ClerisoftPages</namespace>
    </packageVersions>
    <packageVersions>
        <majorNumber>1</majorNumber>
        <minorNumber>24</minorNumber>
        <namespace>EasyPage</namespace>
    </packageVersions>
    <packageVersions>
        <majorNumber>1</majorNumber>
        <minorNumber>2</minorNumber>
        <namespace>qburst_widgets</namespace>
    </packageVersions>
    <packageVersions>
        <majorNumber>1</majorNumber>
        <minorNumber>1</minorNumber>
        <namespace>vfgenerator</namespace>
    </packageVersions>
</ApexComponent>
