<?xml version="1.0" encoding="UTF-8"?>
<ApexPage xmlns="http://soap.sforce.com/2006/04/metadata">
    <apiVersion>28.0</apiVersion>
    <availableInTouch>false</availableInTouch>
    <confirmationTokenRequired>false</confirmationTokenRequired>
    <label>GroupBy</label>
    <packageVersions>
        <majorNumber>2</majorNumber>
        <minorNumber>24</minorNumber>
        <namespace>ClerisoftPages</namespace>
    </packageVersions>
    <packageVersions>
        <majorNumber>1</majorNumber>
        <minorNumber>24</minorNumber>
        <namespace>EasyPage</namespace>
    </packageVersions>
</ApexPage>
